브랜드사료,001001001001
수제간식,001001002001
껌,001001002002
육포/저키/어포,001001002003
뼈,001001002004
비스킷/쿠키/파우더,001001002005
통살/소시지/치즈,001001002006
음료,001001002007
캔/파우치,001001002008
종합,001001003001
피부/털,001001003002
뼈/관절/칼슘,001001003003
장/소취/유산균,001001003004
귀/눈/구강,001001003005
기타,001001003006
샴푸/린스/비누,001002001001
드라이기/드라이룸,001002001002
피부관리,001002001003
털관리/브러쉬/빗,001002001004
클리퍼/미용가위,001002001005
발톱/발관리,001002001006
눈/귀/구강관리,001002001007
기타,001002001008
배변패드,001002002001
배변판,001002002002
기저귀/위생팬티,001002002003
탈취/소독,001002002004
기타,001002002005
식기,001002003001
급수기/정수기,001002003002
사료통/스쿱,001002003003
기타,001002003004
하우스/텐트,001002004001
쿠션/방석/침대,001002004002
매트/담요,001002004003
계단/스텝,001002004004
케이지/울타리/안전문,001002004005
CCTV,001002004006
기타,001002004007
목줄,001002005001
가슴줄,001002005002
리드줄,001002005003
이름표/인식표,001002005004
배변봉투/배변가방,001002005005
물병,001002005006
이동장/이동가방,001002005007
유모차,001002005008
카시트,001002005009
입마개,001002005010
기타,001002005011
인형,001002006001
공/원반/던지기,001002006002
간식/퍼즐/지능발달,001002006003
로프/덴탈,001002006004
교육용품,001002006005
아우터,001003001001
긴팔/니트,001003001002
민소매/반팔,001003001003
팬츠/스커트,001003001004
드레스/올인원,001003001005
수영복/래쉬가드,001003001006
신발/양말,001003002001
스카프/머플러,001003002002
패션소품/기타,001003002003